Workbook

Sheet Portfolio
A1: Code | B1: Family | C1: Type | D1: Title VI | E1: Title EN | F1: Min Level | G1: Level Name | H1: Prerequisites | I1: Prereq Codes | J1: Scope | K1: Deliverables | L1: MVT | M1: Extension | N1: Tools | O1: Status | P1: Alias HK1_2026_2027 | Q1: Career Relevance
A2: A0-P01 | B2: A0 | C2: P | D2: Thiết kế và tự chế tạo thủ công mạch nguồn DC cơ bản | E2: Design and Manual Fabrication of a Basic DC Power Supply PCB | F2: 0 | G2: Explorer | H2: Điện tử cơ bản; an toàn điện; cẩn thận. | J2: Requirement -> component selection -> schematic -> PCB layout -> manual fabrication -> assembly -> measurement -> debug. | K2: Schematic; PCB layout; PCB tự chế tạo; board lắp ráp; kết quả đo tải/ripple; debugging log. | M2: So sánh hai phương án nguồn hoặc cải thiện ripple/thermal trong phạm vi an toàn. | N2: KiCad/EDA PCB tương đương; dụng cụ làm PCB thủ công; đồng hồ số; oscilloscope/logic analyzer khi phù hợp. | O2: active | Q2: Hardware/PCB engineer; nền tảng thực hành cho mọi hướng phần cứng.
A3: A0-P02 | B3: A0 | C3: P | D3: Thiết kế và chế tạo mạch logic tổ hợp trên PCB | E3: Design and Manual PCB Implementation of a Combinational Logic Circuit | F3: 0 | G3: Explorer | H3: Logic tổ hợp + điện tử cơ bản. | J3: Boolean -> gates/ICs -> schematic -> PCB -> fabrication -> test. | K3: Truth table; schematic; PCB; board thật; measurement; failure-fix evidence. | M3: Đánh giá fan-out/noise margin ở mức minh họa nếu thiết bị cho phép. | N3: KiCad/EDA PCB tương đương; dụng cụ làm PCB thủ công; đồng hồ số; oscilloscope/logic analyzer khi phù hợp. | O3: active | Q3: Hardware/PCB engineer; nền tảng thực hành cho mọi hướng phần cứng.
A4: A0-P03 | B4: A0 | C4: P | D4: Thiết kế và chế tạo bộ đếm số trên PCB | E4: Design and Manual Implementation of a Digital Counter PCB | F4: 0 | G4: Explorer | H4: Logic tuần tự cơ bản. | J4: Clock, counter, reset, display/7-segment và tín hiệu điều khiển. | K4: Schematic; PCB; counter + display hoạt động; test reset/clock; debugging report. | M4: Bổ sung debounce hoặc nhiều mode đếm. | N4: KiCad/EDA PCB tương đương; dụng cụ làm PCB thủ công; đồng hồ số; oscilloscope/logic analyzer khi phù hợp. | O4: active | Q4: Hardware/PCB engineer; nền tảng thực hành cho mọi hướng phần cứng.
A5: A0-P04 | B5: A0 | C5: P | D5: Thiết kế board giao tiếp cảm biến | E5: Design and Manual Fabrication of a Sensor Interface Board | F5: 0 | G5: Explorer | H5: Điện tử cơ bản; biết đọc datasheet. | J5: Sensor -> signal conditioning/interface -> connector/ADC/MCU tùy mức. | K5: Requirement; datasheet note; schematic; PCB; board; measurement. | M5: Calibration hoặc đánh giá noise. | N5: KiCad/EDA PCB tương đương; dụng cụ làm PCB thủ công; đồng hồ số; oscilloscope/logic analyzer khi phù hợp. | O5: active | Q5: Hardware/PCB engineer; nền tảng thực hành cho mọi hướng phần cứng.
A6: A0-P05 | B6: A0 | C6: P | D6: Thiết kế embedded controller board cơ bản | E6: Design of a Basic Microcontroller-Based Embedded Board | F6: 1 | G6: Beginner Engineer | H6: Điện tử; MCU cơ bản; datasheet. | J6: MCU + power + reset + clock + LED/button + UART/sensor connector. | K6: Schematic; PCB; power/reset/clock/I/O; firmware test; board demo. | M6: Bổ sung một peripheral hoặc low-power mode. | N6: KiCad/EDA PCB tương đương; dụng cụ làm PCB thủ công; đồng hồ số; oscilloscope/logic analyzer khi phù hợp. | O6: active | Q6: Hardware/PCB engineer; nền tảng thực hành cho mọi hướng phần cứng.
A7: A0-P06 | B7: A0 | C7: P | D7: Thiết kế PCB mở rộng I/O cho FPGA | E7: Design of a Custom FPGA I/O Expansion Board | F7: 1 | G7: Beginner Engineer | H7: Điện tử + hiểu I/O FPGA ở mức cơ bản. | J7: FPGA development board -> GPIO/SPI/UART -> custom PCB -> sensor/LED/DAC/actuator. | K7: PCB extension; interface test; FPGA demo; documentation. | M7: Thêm protocol hoặc đo timing I/O. | N7: KiCad/EDA PCB tương đương; dụng cụ làm PCB thủ công; đồng hồ số; oscilloscope/logic analyzer khi phù hợp. | O7: active | Q7: Hardware/PCB engineer; nền tảng thực hành cho mọi hướng phần cứng.
A8: A0-I01 | B8: A0 | C8: I | D8: Thực tập thiết kế, chế tạo và kiểm thử phần cứng điện tử | E8: Electronic Hardware Design, Fabrication and Testing Internship | F8: 1 | G8: Beginner Engineer | H8: Hoàn thành ít nhất một project A0-P hoặc năng lực tương đương. | I8: A0-P* | J8: Một board hoàn chỉnh qua requirement-design-build-test-debug-document. | K8: Working board; design files; BOM; measurement; debug log; technical report; legacy package. | M8: Tối ưu revision 2 dựa trên lỗi revision 1. | N8: KiCad/EDA PCB tương đương; dụng cụ làm PCB thủ công; đồng hồ số; oscilloscope/logic analyzer khi phù hợp. | O8: active | Q8: Hardware/PCB engineer; nền tảng thực hành cho mọi hướng phần cứng.
A9: A1-P01 | B9: A1 | C9: P | D9: Thiết kế các mạch logic tổ hợp bằng Verilog | E9: Combinational Logic Design in Verilog | F9: 0 | G9: Explorer | H9: Logic tổ hợp. | J9: MUX/decoder/comparator/ALU nhỏ với exhaustive hoặc directed tests. | K9: RTL; testbench; waveform; short report. | M9: So sánh coding style và synthesis. | N9: Verilog/SystemVerilog; Icarus Verilog/Verilator; GTKWave; Git. | O9: active | Q9: RTL design & verification engineer.
A10: A1-P02 | B10: A1 | C10: P | D10: Thiết kế các mạch tuần tự bằng Verilog | E10: Sequential Logic Design in Verilog | F10: 0 | G10: Explorer | H10: Flip-flop/counter/register. | J10: Counter/shift register/clock divider/sequence detector. | K10: RTL; reset tests; waveform; report. | M10: Thêm parameterization hoặc corner cases. | N10: Verilog/SystemVerilog; Icarus Verilog/Verilator; GTKWave; Git. | O10: active | Q10: RTL design & verification engineer.
A11: A1-P03 | B11: A1 | C11: P | D11: Thiết kế FSM cho một bộ điều khiển số | E11: FSM Design for a Digital Controller | F11: 1 | G11: Beginner Engineer | H11: Logic tuần tự + state diagram. | J11: Traffic/vending/simple controller. | K11: Specification; state diagram; RTL; tests; waveform. | M11: Moore vs Mealy comparison nếu phù hợp. | N11: Verilog/SystemVerilog; Icarus Verilog/Verilator; GTKWave; Git. | O11: active | Q11: RTL design & verification engineer.
A12: A1-P04 | B12: A1 | C12: P | D12: Thiết kế UART transmitter/receiver bằng RTL | E12: RTL Design of a UART Transmitter/Receiver | F12: 1 | G12: Beginner Engineer | H12: RTL cơ bản; timing counter. | J12: TX/RX với baud generator và corner tests. | K12: UART RTL; loopback testbench; waveform; README. | M12: Parameterized baud/data format. | N12: Verilog/SystemVerilog; Icarus Verilog/Verilator; GTKWave; Git. | O12: active | Q12: RTL design & verification engineer.
A13: A1-P05 | B13: A1 | C13: P | D13: Thiết kế synchronous FIFO bằng RTL | E13: RTL Design of a Synchronous FIFO | F13: 1 | G13: Beginner Engineer | H13: RTL; pointer/counter. | J13: Parameterized FIFO và verification. | K13: FIFO RTL; full/empty/overflow/underflow tests; waveform. | M13: Thêm assertions hoặc coverage-like checklist. | N13: Verilog/SystemVerilog; Icarus Verilog/Verilator; GTKWave; Git. | O13: active | Q13: RTL design & verification engineer.
A14: A1-I01 | B14: A1 | C14: I | D14: Thiết kế và kiểm chứng reusable Digital IP Core | E14: Design and Verification of a Reusable Digital IP Core | F14: 1 | G14: Beginner Engineer | H14: A1-P tương đương; Git cơ bản. | I14: A1-P* | J14: UART/SPI/FIFO/PWM/Timer theo engineering workflow. | K14: Specification; reusable RTL; testbench; regression; documentation; repo. | M14: Thêm parameterization và CI. | N14: Verilog/SystemVerilog; Icarus Verilog/Verilator; GTKWave; Git. | O14: active | Q14: RTL design & verification engineer.
A15: A1-T01 | B15: A1 | C15: T | D15: Thiết kế và kiểm chứng một IP số có khả năng tái sử dụng | E15: Design and Verification of a Reusable Digital IP | F15: 2 | G15: Independent Engineering Student | H15: RTL khá; simulation/debug; Git. | I15: A1-P* | J15: Tập trung correctness, corner cases, portability và reuse. | K15: Complete IP; systematic verification; synthesis report; documentation; legacy package. | L15: Specification; Reusable RTL IP; Testbench + regression; Waveform/checklist verification; FPGA demo; User guide cho IP. | M15: FPGA/ASIC implementation hoặc stronger verification. | N15: Verilog/SystemVerilog, Icarus/Verilator/ModelSim, GTKWave, FPGA tool, Git. | O15: active | P15: A4 | Q15: RTL design & verification engineer.
A16: A2-P01 | B16: A2 | C16: P | D16: Thiết kế và so sánh các kiến trúc bộ cộng số | E16: Design and Comparison of Digital Adder Architectures | F16: 1 | G16: Beginner Engineer | H16: Binary arithmetic + RTL. | J16: Ripple-carry / carry-lookahead / carry-select theo bit-width phù hợp. | K16: RTL nhiều architecture; functional tests; synthesis comparison. | M16: Thêm parallel-prefix nếu đủ năng lực. | N16: Verilog/SystemVerilog; Python/MATLAB; FPGA toolchain; Yosys/ASIC flow khi mở rộng. | O16: active | Q16: DSP hardware / datapath design; nền số học cho FPGA-ASIC.
A17: A2-P02 | B17: A2 | C17: P | D17: Thiết kế multiplier fixed-point | E17: Fixed-Point Multiplier Design | F17: 1 | G17: Beginner Engineer | H17: Signed arithmetic; RTL. | J17: Signed fixed-point multiply với scaling và overflow handling. | K17: Reference model; RTL; overflow/truncation tests; synthesis. | M17: Rounding/saturation comparison. | N17: Verilog/SystemVerilog; Python/MATLAB; FPGA toolchain; Yosys/ASIC flow khi mở rộng. | O17: active | Q17: DSP hardware / datapath design; nền số học cho FPGA-ASIC.
A18: A2-P03 | B18: A2 | C18: P | D18: Thiết kế Multiply-Accumulate datapath | E18: Multiply-Accumulate Datapath Design | F18: 1 | G18: Beginner Engineer | H18: Multiplier + accumulator concepts. | J18: Multiplier -> accumulator -> registers/pipeline. | K18: MAC RTL; pipeline tests; resource/timing report. | M18: Resource sharing vs parallel. | N18: Verilog/SystemVerilog; Python/MATLAB; FPGA toolchain; Yosys/ASIC flow khi mở rộng. | O18: active | Q18: DSP hardware / datapath design; nền số học cho FPGA-ASIC.
A19: A2-P04 | B19: A2 | C19: P | D19: Thiết kế bộ lọc FIR bằng RTL | E19: RTL Design of an FIR Filter | F19: 1 | G19: Beginner Engineer | H19: DSP cơ bản; RTL. | J19: Delay line + coefficients + multiply/add. | K19: Floating reference; RTL; fixed-point test; waveform. | M19: Direct vs transposed architecture. | N19: Verilog/SystemVerilog; Python/MATLAB; FPGA toolchain; Yosys/ASIC flow khi mở rộng. | O19: active | Q19: DSP hardware / datapath design; nền số học cho FPGA-ASIC.
A20: A2-I01 | B20: A2 | C20: I | D20: Thiết kế và triển khai datapath DSP fixed-point trên FPGA | E20: Fixed-Point DSP Datapath Design and FPGA Implementation | F20: 2 | G20: Independent Engineering Student | H20: A2-P hoặc tương đương; FPGA cơ bản. | I20: A2-P* | J20: Một datapath DSP hoàn chỉnh và co-verification. | K20: Golden model; RTL; FPGA synthesis; resource/Fmax/latency; report. | M20: Bit-width sweep. | N20: Verilog/SystemVerilog; Python/MATLAB; FPGA toolchain; Yosys/ASIC flow khi mở rộng. | O20: active | Q20: DSP hardware / datapath design; nền số học cho FPGA-ASIC.
A21: A2-T01 | B21: A2 | C21: T | D21: Thiết kế bộ lọc FIR fixed-point trên FPGA và khảo sát ASIC | E21: Fixed-Point FIR Filter Design on FPGA with ASIC Implementation Analysis | F21: 2 | G21: Independent Engineering Student | H21: DSP + RTL + FPGA; Python/MATLAB. | I21: A2-P04 | J21: Floating -> fixed -> RTL -> FPGA -> ASIC feasibility. | K21: Reference; quantization; RTL; FPGA results; ASIC synthesis/physical evidence phù hợp; analysis. | L21: Golden model + test vectors; Fixed-point error analysis; RTL + testbench; FPGA resource/Fmax/latency; ASIC area/timing estimate; Bảng trade-off accuracy - hardware cost. | M21: Architecture comparison hoặc coefficient quantization study. | N21: MATLAB/Python, Verilog, FPGA toolchain, Yosys/LibreLane tùy phạm vi. | O21: active | P21: A3 | Q21: DSP hardware / datapath design; nền số học cho FPGA-ASIC.
A22: A2-T02 | B22: A2 | C22: T | D22: Thiết kế và tối ưu MAC datapath cho FPGA/ASIC | E22: Design and Optimization of a Fixed-Point MAC Datapath for FPGA/ASIC | F22: 2 | G22: Independent Engineering Student | H22: RTL; fixed-point; synthesis. | I22: A2-P03 | J22: Bit width + pipeline + rounding/saturation + resource sharing. | K22: Multiple configurations; PPA/resource/timing; accuracy; report. | L22: Golden model; Parameterized RTL MAC; Verification vectors; PPA/Fmax/latency table; Numerical error analysis. | M22: Pareto/design-space analysis. | N22: Python/MATLAB, Verilog, FPGA tool, synthesis/STA. | O22: active | P22: A9 | Q22: DSP hardware / datapath design; nền số học cho FPGA-ASIC.
A23: A2-T03 | B23: A2 | C23: T | D23: Thiết kế và đánh giá PPA của các kiến trúc bộ cộng số học | E23: Design and PPA Evaluation of Digital Adder Architectures | F23: 2 | G23: Independent Engineering Student | H23: Logic tổ hợp; binary arithmetic; RTL; synthesis/STA cơ bản. | I23: A2-P01 | J23: Triển khai và so sánh các kiến trúc adder theo delay/area trên nhiều bit-width trong cùng điều kiện synthesis/implementation. | K23: RTL các kiến trúc RCA/CLA/carry-select (tùy chọn parallel-prefix); functional-equivalence tests; synthesis/STA cùng constraint; phân tích logic depth/carry propagation; bảng PPA theo bit-width 8/16/32/64. | L23: RTL các adder; Common testbench; Timing/area table theo bit-width; Critical path analysis; Design recommendation. | M23: Thêm parallel-prefix (Kogge-Stone/Brent-Kung) hoặc Pareto analysis theo bit-width. | N23: Verilog, simulator, Yosys/synthesis, OpenSTA/ASIC flow. | O23: active | P23: A8 | Q23: DSP hardware / datapath design; nền số học cho FPGA-ASIC.
A24: A2-R01 | B24: A2 | C24: R | D24: Hardware design-space exploration cho fixed-point datapath | E24: Hardware Design-Space Exploration for Fixed-Point Datapaths | F24: 4 | G24: Undergraduate Researcher | H24: A2-T-level baseline; scripting; controlled experiments. | I24: A2-T* | J24: Quantify accuracy-area-timing-throughput trade-off across architecture/precision. | K24: Reproducible sweep; Pareto analysis; research report/paper-ready figures. | M24: Optimization/search method nếu baseline sweep đã chắc. | N24: Verilog/SystemVerilog; Python/MATLAB; FPGA toolchain; Yosys/ASIC flow khi mở rộng. | O24: active | Q24: DSP hardware / datapath design; nền số học cho FPGA-ASIC.
A25: A3-P01 | B25: A3 | C25: P | D25: Triển khai một Digital IP trên FPGA | E25: FPGA Implementation of a Digital IP | F25: 1 | G25: Beginner Engineer | H25: RTL + simulation. | I25: A1-P* | J25: Take a verified IP to FPGA and test physical I/O. | K25: Bitstream/project; hardware demo; resource/Fmax; README. | M25: Add self-test or measurement. | N25: FPGA vendor tools; Verilog/SystemVerilog; ModelSim/Questa/Icarus/Verilator tùy nền tảng; logic analyzer khi có. | O25: active | Q25: FPGA system engineer.
A26: A3-P02 | B26: A3 | C26: P | D26: FPGA interfacing với peripheral | E26: FPGA Interfacing with a Peripheral | F26: 1 | G26: Beginner Engineer | H26: RTL; basic protocol. | I26: A1-P* | J26: UART/SPI/ADC/sensor/7-segment interface. | K26: Interface RTL; board demo; tests; documentation. | M26: Higher-rate mode or error handling. | N26: FPGA vendor tools; Verilog/SystemVerilog; ModelSim/Questa/Icarus/Verilator tùy nền tảng; logic analyzer khi có. | O26: active | Q26: FPGA system engineer.
A27: A3-P03 | B27: A3 | C27: P | D27: Hệ thống xử lý tín hiệu số trên FPGA | E27: FPGA-Based Digital Signal Processing System | F27: 2 | G27: Independent Engineering Student | H27: A2 basics + FPGA. | I27: A2-P* | J27: FIR/moving average/simple convolution. | K27: Working DSP pipeline; resource/timing; hardware test. | M27: Streaming/pipelining optimization. | N27: FPGA vendor tools; Verilog/SystemVerilog; ModelSim/Questa/Icarus/Verilator tùy nền tảng; logic analyzer khi có. | O27: active | Q27: FPGA system engineer.
A28: A3-I01 | B28: A3 | C28: I | D28: Xây dựng hệ thống FPGA tích hợp nhiều IP | E28: Integration of Multiple IP Cores on FPGA | F28: 2 | G28: Independent Engineering Student | H28: A1 + basic FPGA. | I28: A1-P* | J28: UART -> FIFO -> processing core -> output, hoặc hệ tương đương. | K28: Integrated system; interface tests; demo; documentation. | M28: Add monitoring or CI. | N28: FPGA vendor tools; Verilog/SystemVerilog; ModelSim/Questa/Icarus/Verilator tùy nền tảng; logic analyzer khi có. | O28: active | Q28: FPGA system engineer.
A29: A3-T01 | B29: A3 | C29: T | D29: Thiết kế hệ thống xử lý dữ liệu số pipelined trên FPGA | E29: Design of a Pipelined Digital Processing System on FPGA | F29: 2 | G29: Independent Engineering Student | H29: Strong RTL + FPGA + measurement discipline. | I29: A3-P* | J29: Optimize pipeline and explain performance trade-offs. | K29: Architecture; RTL; verification; FPGA; LUT/FF/DSP/Fmax/latency/throughput analysis. | L29: Reference model; 2+ pipeline configurations; RTL + verification; Fmax/resource/latency/throughput table; Kết luận về pipeline trade-off. | M29: Compare two pipeline depths/architectures. | N29: Python/MATLAB, Verilog, simulator, FPGA tool. | O29: active | P29: A5 | Q29: FPGA system engineer.
A30: A3-T02 | B30: A3 | C30: T | D30: Hardware/software co-verification cho hệ thống FPGA | E30: Hardware/Software Co-Verification for an FPGA System | F30: 2 | G30: Independent Engineering Student | H30: Python/MATLAB + RTL + FPGA. | I30: A3-P* | J30: Build repeatable software-vs-hardware validation. | K30: Golden model; vector generation; RTL/FPGA agreement; automated comparison; report. | L30: Golden model + sinh vector tự động + so khớp RTL/FPGA tự động trên tối thiểu một IP, kèm báo cáo mismatch tái lập được. | M30: Regression automation. | N30: FPGA vendor tools; Verilog/SystemVerilog; ModelSim/Questa/Icarus/Verilator tùy nền tảng; logic analyzer khi có. | O30: active | Q30: FPGA system engineer.
A31: A4-P01 | B31: A4 | C31: P | D31: Làm quen RTL-to-Gates bằng Yosys | E31: RTL-to-Gates Exploration with Yosys | F31: 1 | G31: Beginner Engineer | H31: RTL cơ bản; Linux cơ bản. | J31: Observe how RTL becomes logic cells/netlist. | K31: RTL; synthesis script; netlist/report; explanation. | M31: Coding-style comparison. | N31: WSL/Linux; Yosys; LibreLane/OpenROAD; KLayout; PDK phù hợp (ví dụ Sky130 khi dùng open-source flow). | O31: active | Q31: ASIC physical design; RTL-to-GDSII engineer.
A32: A4-P02 | B32: A4 | C32: P | D32: Khảo sát ảnh hưởng của RTL coding style tới synthesis | E32: Effect of RTL Coding Style on Synthesis Results | F32: 2 | G32: Independent Engineering Student | H32: RTL + Yosys basics. | I32: A4-P01 | J32: Control one variable at a time and compare mapping/timing/area proxy. | K32: Equivalent RTL variants; synthesis evidence; comparison. | M32: Add STA/technology mapping. | N32: WSL/Linux; Yosys; LibreLane/OpenROAD; KLayout; PDK phù hợp (ví dụ Sky130 khi dùng open-source flow). | O32: active | Q32: ASIC physical design; RTL-to-GDSII engineer.
A33: A4-I01 | B33: A4 | C33: I | D33: Xây dựng môi trường RTL-to-GDSII mã nguồn mở | E33: Build an Open-Source RTL-to-GDSII Environment | F33: 2 | G33: Independent Engineering Student | H33: Linux/WSL; Git; RTL basics. | J33: WSL/Linux -> Nix/managed environment -> LibreLane/OpenROAD -> KLayout. | K33: Reproducible setup; sample designs; documented commands; troubleshooting notes. | M33: CI smoke test; version pinning. | N33: WSL/Linux; Yosys; LibreLane/OpenROAD; KLayout; PDK phù hợp (ví dụ Sky130 khi dùng open-source flow). | O33: active | Q33: ASIC physical design; RTL-to-GDSII engineer.
A34: A4-T01 | B34: A4 | C34: T | D34: Thiết kế một Digital IP từ RTL đến GDSII | E34: Design and Evaluation of a Digital IP from RTL to GDSII | F34: 2 | G34: Independent Engineering Student | H34: Verified RTL + Linux + synthesis basics. | I34: A4-P01 | J34: End-to-end digital ASIC flow on a manageable IP. | K34: Spec; RTL; testbench; synthesis; STA; physical implementation; DRC/LVS evidence; GDSII; PPA report. | L34: Specification + block diagram; RTL + testbench + regression; Waveform/log verification; Synthesis/STA/PPA report; Layout/GDSII hoặc physical implementation report; Repository có README và hướng dẫn tái lập. | M34: Compare constraints or architectures only after baseline sign-off. | N34: Verilog/SystemVerilog, Icarus/Verilator, GTKWave, Yosys, LibreLane/OpenROAD, KLayout, Git. | O34: active | P34: A1 | Q34: ASIC physical design; RTL-to-GDSII engineer.
A35: A4-T02 | B35: A4 | C35: T | D35: Khảo sát ảnh hưởng kiến trúc RTL đến PPA | E35: RTL Architecture Exploration for PPA | F35: 3 | G35: Research-Ready Undergraduate | H35: A4-T01-level flow on at least one design. | I35: A4-T01 | J35: Measure power/performance/area proxies and explain architectural causes. | K35: 2+ functionally equivalent architectures; controlled PPA comparison; analysis. | L35: Hai hoặc nhiều RTL architecture; Testbench dùng chung; Bảng PPA + latency/throughput; Giải thích nguyên nhân vật lý/kiến trúc của khác biệt; Khuyến nghị architecture theo mục tiêu thiết kế. | M35: Pareto optimization. | N35: Verilog/SystemVerilog, simulator, Yosys/EDA synthesis, OpenSTA/ASIC flow, Python/Excel để phân tích. | O35: active | P35: A2 | Q35: ASIC physical design; RTL-to-GDSII engineer.
A36: A4-R01 | B36: A4 | C36: R | D36: Design-space exploration cho một Digital IP | E36: Design-Space Exploration for a Digital IP | F36: 4 | G36: Undergraduate Researcher | H36: Reproducible ASIC flow + scripting + research readiness. | I36: A4-T01 | J36: Search architecture/constraint space for PPA trade-offs. | K36: Automated experiments; statistical/controlled analysis; research report. | M36: Optimization algorithm if justified. | N36: WSL/Linux; Yosys; LibreLane/OpenROAD; KLayout; PDK phù hợp (ví dụ Sky130 khi dùng open-source flow). | O36: active | Q36: ASIC physical design; RTL-to-GDSII engineer.
A37: A5-P01 | B37: A5 | C37: P | D37: Xây dựng testbench có hệ thống cho một RTL module | E37: Systematic Testbench Development for an RTL Module | F37: 1 | G37: Beginner Engineer | H37: RTL + simulation. | J37: Normal/boundary/invalid/reset tests. | K37: Test plan; testbench; pass/fail evidence; bug log. | M37: Assertions/checkers. | N37: Git/GitHub; shell/Python; Icarus/Verilator; Yosys; LibreLane/Nix; CI phù hợp. | O37: active | Q37: Verification/EDA infrastructure; DevOps cho phần cứng.
A38: A5-P02 | B38: A5 | C38: P | D38: Regression testing cho Digital IP | E38: Regression Testing for a Digital IP | F38: 2 | G38: Independent Engineering Student | H38: A5-P01 + scripting. | I38: A5-P01 | J38: Automate repeated simulation and failure reporting. | K38: Regression script; test set; summary report; reproducible run. | M38: CI integration. | N38: Git/GitHub; shell/Python; Icarus/Verilator; Yosys; LibreLane/Nix; CI phù hợp. | O38: active | Q38: Verification/EDA infrastructure; DevOps cho phần cứng.
A39: A5-I01 | B39: A5 | C39: I | D39: Xây dựng Git workflow cho dự án RTL | E39: Git Workflow for RTL Projects | F39: 1 | G39: Beginner Engineer | H39: Git basics desirable. | J39: Practice reproducible collaboration on a small RTL project. | K39: Repo structure; branches/issues; README; test scripts; contribution guide. | M39: Pull-request checks. | N39: Git/GitHub; shell/Python; Icarus/Verilator; Yosys; LibreLane/Nix; CI phù hợp. | O39: active | Q39: Verification/EDA infrastructure; DevOps cho phần cứng.
A40: A5-T01 | B40: A5 | C40: T | D40: Xây dựng quy trình ASIC tái lập sử dụng LibreLane + Nix | E40: Reproducible ASIC Workflow Using LibreLane and Nix | F40: 3 | G40: Research-Ready Undergraduate | H40: Linux + Git + A4 basics. | I40: A4-P01 | J40: Reproducibility is the thesis object, not software installation alone. | K40: Pinned environment; 3 reference designs; repeatability evidence; docs; troubleshooting. | L40: Repository môi trường; Automated scripts; 3 benchmark designs; Reproducibility checklist; Installation/use guide; Báo cáo đánh giá workflow. | M40: Docker fallback/CI comparison if needed. | N40: WSL/Linux, Git, Nix, LibreLane/OpenROAD, Yosys, simulators. | O40: active | P40: A6 | Q40: Verification/EDA infrastructure; DevOps cho phần cứng.
A41: A5-T02 | B41: A5 | C41: T | D41: Continuous Integration cho dự án RTL/ASIC | E41: Continuous Integration for RTL/ASIC Projects | F41: 3 | G41: Research-Ready Undergraduate | H41: Git/GitHub; scripting; simulation; synthesis basics. | I41: A5-P02 | J41: Automated quality gates for hardware repository. | K41: CI pipeline; lint/sim/regression/synthesis reports; failure examples; docs. | L41: CI-enabled repository; Automated test pipeline; Artifacts/reports; Regression demonstration; Developer guide. | M41: ASIC smoke/PPA regression. | N41: GitHub Actions, shell/Python, Verilator/Icarus, Yosys, tùy chọn LibreLane/Nix/Docker. | O41: active | P41: A7 | Q41: Verification/EDA infrastructure; DevOps cho phần cứng.
A42: A5-R01 | B42: A5 | C42: R | D42: Automated PPA regression cho Digital IC | E42: Automated PPA Regression for Digital IC Development | F42: 4 | G42: Undergraduate Researcher | H42: A5-T02 + stable ASIC flow. | I42: A5-T02 | J42: Detect timing/area/power degradation and relate to source changes. | K42: Dataset of commits/configurations; regression thresholds; analysis; research report. | M42: Statistical anomaly detection if justified. | N42: Git/GitHub; shell/Python; Icarus/Verilator; Yosys; LibreLane/Nix; CI phù hợp. | O42: active | Q42: Verification/EDA infrastructure; DevOps cho phần cứng.
A43: A6-P01 | B43: A6 | C43: P | D43: Lập trình firmware bare-metal điều khiển ngoại vi vi điều khiển | E43: Bare-Metal Peripheral Firmware for a Microcontroller | F43: 1 | G43: Beginner Engineer | H43: C cơ bản; đọc datasheet; Git nhập môn. | J43: Datasheet -> cấu hình thanh ghi -> driver -> kiểm chứng tín hiệu thật -> tài liệu hóa. | K43: Driver UART/I2C/SPI tự viết (không dùng HAL sinh sẵn cho phần lõi); firmware demo; đo kiểm bằng logic analyzer; README. | M43: Thêm DMA hoặc chế độ tiết kiệm năng lượng, đo chênh lệch dòng tiêu thụ. | N43: C; STM32/ESP32; logic analyzer; đồng hồ số; Git. | O43: active | Q43: Embedded firmware engineer; nền cho mọi đề tài A6/A7.
A44: A6-P02 | B44: A6 | C44: P | D44: Ứng dụng đa nhiệm thời gian thực với RTOS | E44: Real-Time Multitasking Application with an RTOS | F44: 1 | G44: Beginner Engineer | H44: A6-P01 hoặc firmware tương đương có evidence. | I44: A6-P01 | J44: Task design -> queue/semaphore -> đo đáp ứng thời gian thực -> phân tích. | K44: Ứng dụng FreeRTOS/Zephyr >=3 task; phân tích ưu tiên/deadline; đo jitter/latency; báo cáo so sánh với bản super-loop. | M44: Thêm watchdog + xử lý lỗi phục hồi được; stress test. | N44: C; FreeRTOS hoặc Zephyr; MCU bất kỳ; logic analyzer; Git. | O44: active | Q44: Embedded/RTOS engineer; automotive & industrial firmware.
A45: A6-P03 | B45: A6 | C45: P | D45: Giao tiếp phần cứng-phần mềm trên SoC FPGA | E45: Memory-Mapped Hardware-Software Communication on a SoC FPGA | F45: 2 | G45: Independent Engineering Student | H45: RTL cơ bản (A1) + firmware cơ bản (A6-P01). | I45: A1-P*, A6-P01 | J45: IP RTL -> kết nối bus (AXI-lite hoặc tương đương) -> driver -> kiểm chứng end-to-end. | K45: IP memory-mapped đơn giản (thanh ghi điều khiển/trạng thái); driver C phía processor; test đọc-ghi qua bus; README. | M45: Thêm interrupt thay vì polling, đo chênh lệch độ trễ. | N45: Verilog; Vivado/Quartus hoặc toolchain SoC FPGA tương đương; Zynq/PYNQ; C/Python; Git. | O45: active | Q45: SoC integration; bước đệm bắt buộc cho HW/SW co-design.
A46: A6-P04 | B46: A6 | C46: P | D46: Dựng Linux nhúng trên SoC FPGA và viết driver đơn giản | E46: Embedded Linux Bring-Up on a SoC FPGA with a Simple Driver | F46: 2 | G46: Independent Engineering Student | H46: Linux cơ bản; A6-P01; biết khái niệm kernel/user space. | I46: A6-P01 | J46: Toolchain/BSP -> boot -> device tree -> driver tối giản -> kiểm chứng. | K46: Ảnh Linux boot được trên board; driver ký tự hoặc UIO nói chuyện với một IP; log kiểm chứng; hướng dẫn dựng lại từ đầu. | M46: Đóng gói bằng Buildroot/Yocto để build tái lập một lệnh. | N46: Linux; Buildroot hoặc PetaLinux/Yocto; Zynq/PYNQ; C; Git. | O46: active | Q46: Embedded Linux/BSP engineer — mảng tuyển dụng lớn của nghề nhúng.
A47: A6-I01 | B47: A6 | C47: I | D47: Thực tập phát triển sản phẩm nhúng theo quy trình kỹ sư | E47: Embedded Product Development Internship | F47: 2 | G47: Independent Engineering Student | H47: A6-P01 + một trong A6-P02/P03; cam kết giờ/tuần. | I47: A6-P01 | J47: Trọng tâm là tác phong: issue tracker, code review, test trước khi merge, báo cáo tuần. | K47: Sản phẩm nhúng nhỏ đi trọn quy trình: yêu cầu -> thiết kế -> firmware -> kiểm thử -> tài liệu; nhật ký tuần; repo Git kỷ luật. | M47: Thêm CI chạy unit test firmware trên mỗi commit. | N47: C; MCU tự chọn; GitHub/GitLab + CI; framework test (Unity/Ceedling hoặc tương đương). | O47: active | Q47: Chuẩn bị trực tiếp cho vị trí embedded engineer.
A48: A6-T01 | B48: A6 | C48: T | D48: Thiết kế hệ thống nhúng điều khiển và thu thập dữ liệu hoàn chỉnh | E48: Design of a Complete Embedded Control and Data-Acquisition System | F48: 2 | G48: Independent Engineering Student | H48: A6-P01 + A6-P02 hoặc tương đương có evidence. | I48: A6-P01, A6-P02 | J48: Bài toán điều khiển-thu thập dữ liệu cụ thể do mentor chốt; đi trọn từ yêu cầu đến đánh giá định lượng. | K48: Hệ thống nhúng chạy thật (>=2 ngoại vi, RTOS hoặc kiến trúc phần mềm rõ); kiểm thử hệ thống; đo hiệu năng/độ tin cậy; khóa luận; repo tái lập. | L48: Specification + kiến trúc phần mềm; firmware đầy đủ chức năng lõi; driver >=2 ngoại vi tự viết hoặc hiểu sâu; kế hoạch + kết quả kiểm thử hệ thống; số liệu hiệu năng (đáp ứng, độ tin cậy); repository có README và hướng dẫn tái lập. | M48: Chỉ mở sau baseline: low-power mode hoặc failsafe + phân tích định lượng. | N48: C; MCU + RTOS; logic analyzer; thiết bị đo phù hợp; Git. | O48: active | Q48: Embedded systems engineer.
A49: A6-T02 | B49: A6 | C49: T | D49: Tích hợp bộ tăng tốc phần cứng tùy biến vào SoC FPGA | E49: Integrating a Custom Hardware Accelerator into a SoC FPGA | F49: 3 | G49: Research-Ready Undergraduate | H49: A6-P03 + nền FPGA (A3-P* hoặc tương đương). | I49: A6-P03, A3-P* | J49: HW/SW co-design nhập môn: chọn hàm nặng -> offload xuống phần cứng -> đo bằng cùng một benchmark. | K49: Baseline phần mềm có profile; IP accelerator RTL; driver + tích hợp; benchmark speedup; phân tích trade-off tài nguyên/độ trễ; khóa luận; repo. | L49: Baseline phần mềm + số liệu profile; RTL accelerator + testbench; tích hợp bus + driver chạy đúng; bảng speedup và tài nguyên so với baseline; phân tích điểm nghẽn; repository tái lập. | M49: So sánh hai kiến trúc accelerator hoặc thêm DMA, chỉ sau baseline sign-off. | N49: Verilog; Zynq/PYNQ; C/Python; profiler; Git. | O49: active | Q49: SoC/FPGA engineer; nền tảng cho hướng luận án co-design.
A50: A6-R01 | B50: A6 | C50: R | D50: Nghiên cứu phân hoạch phần cứng/phần mềm cho ứng dụng nhúng | E50: Hardware/Software Partitioning Study for an Embedded Application | F50: 4 | G50: Undergraduate Researcher | H50: A6-T02 hoặc tương đương; tư duy thí nghiệm có kiểm soát. | I50: A6-T02 | J50: Trả lời: với một lớp ứng dụng cụ thể, ranh giới HW/SW đặt ở đâu thì tối ưu theo tiêu chí nào? | K50: Research question rõ; phương pháp phân hoạch + tiêu chí; >=2 phương án phân hoạch đo trên cùng benchmark; phân tích PPA/latency/energy; báo cáo nghiên cứu. | M50: Đề xuất heuristic phân hoạch và kiểm chứng trên ứng dụng thứ hai. | N50: Zynq/PYNQ; profiler; RTL; đo năng lượng; Python phân tích. | O50: active | Q50: Hướng nghiên cứu hệ thống nhúng/co-design; chấp nhận kết quả phủ định.
A51: A7-P01 | B51: A7 | C51: P | D51: Nút cảm biến IoT truyền dữ liệu qua MQTT | E51: IoT Sensor Node Publishing Data over MQTT | F51: 1 | G51: Beginner Engineer | H51: A6-P01 hoặc firmware tương đương; mạng cơ bản. | I51: A6-P01 | J51: Cảm biến -> firmware -> Wi-Fi/MQTT -> hiển thị; trọng tâm là chạy ổn định, không phải demo một lần. | K51: Node ESP32/STM32 đọc cảm biến thật, publish MQTT có xử lý mất kết nối; broker + dashboard tối giản; log chạy >=48h; README. | M51: Thêm OTA update hoặc TLS cơ bản. | N51: ESP32 hoặc tương đương; C/MicroPython; Mosquitto; Node-RED/Grafana; Git. | O51: active | Q51: IoT engineer; cửa vào của trục IoT.
A52: A7-P02 | B52: A7 | C52: P | D52: Đo và tối ưu năng lượng cho nút IoT chạy pin | E52: Energy Measurement and Optimization for a Battery-Powered IoT Node | F52: 2 | G52: Independent Engineering Student | H52: A7-P01; đọc hiểu datasheet phần nguồn. | I52: A7-P01 | J52: Đo thật bằng thiết bị đo dòng, không ước lượng chay từ datasheet. | K52: Current profile từng trạng thái (active/tx/sleep); chiến lược duty-cycle; bảng ước tính thời gian sống pin trước/sau tối ưu; báo cáo đo. | M52: So sánh hai giao thức hoặc hai chế độ sleep về năng lượng/gói tin. | N52: Thiết bị đo dòng (INA219/Power Profiler hoặc tương đương); ESP32/STM32; Python phân tích. | O52: active | Q52: Low-power design — kỹ năng đắt giá nhất của nghề IoT.
A53: A7-P03 | B53: A7 | C53: P | D53: Suy luận TinyML trên vi điều khiển | E53: TinyML Inference on a Microcontroller | F53: 2 | G53: Independent Engineering Student | H53: A6-P01; Python + ML nhập môn. | I53: A6-P01 | J53: Train -> convert (TFLite Micro/CMSIS-NN) -> deploy -> đo trên thiết bị thật. | K53: Mô hình nhỏ (keyword spotting/gesture) huấn luyện + quantize INT8; chạy trên MCU; bảng accuracy/latency/RAM-Flash; demo; README. | M53: So sánh hai kích thước mô hình về accuracy/latency/bộ nhớ. | N53: Python/TensorFlow; TFLite Micro hoặc CMSIS-NN; STM32/ESP32; Git. | O53: active | Q53: Edge AI engineer; cửa vào cho hướng AI biên.
A54: A7-P04 | B54: A7 | C54: P | D54: Đánh giá kết nối không dây tầm ngắn/tầm xa cho IoT | E54: Evaluating Short- and Long-Range Wireless Links for IoT | F54: 1 | G54: Beginner Engineer | H54: A6-P01 hoặc tương đương. | I54: A6-P01 | J54: Thiết kế thí nghiệm đo sóng thực địa có kiểm soát — học kỷ luật đo đạc. | K54: Thí nghiệm BLE và LoRa (hoặc 2 công nghệ được duyệt): tầm phủ, tỉ lệ mất gói, năng lượng/gói theo khoảng cách; báo cáo so sánh có số liệu. | M54: Thêm mô hình suy hao đơn giản khớp với số liệu đo. | N54: Module BLE + LoRa; ESP32/STM32; Python phân tích; GPS/thước đo khoảng cách. | O54: active | Q54: Wireless/IoT connectivity engineer.
A55: A7-I01 | B55: A7 | C55: I | D55: Thực tập xây dựng hệ thống IoT đầu-cuối | E55: End-to-End IoT System Internship | F55: 2 | G55: Independent Engineering Student | H55: A7-P01; cam kết giờ/tuần. | I55: A7-P01 | J55: Trọng tâm là vận hành tin cậy và tài liệu hóa, đúng tác phong kỹ sư hệ thống. | K55: Hệ thống node -> gateway -> lưu trữ -> dashboard vận hành liên tục >=2 tuần; số liệu uptime/mất gói; nhật ký sự cố và cách xử lý; tài liệu vận hành. | M55: Cảnh báo tự động khi node mất kết nối. | N55: ESP32; MQTT; InfluxDB/SQLite + Grafana hoặc tương đương; Git. | O55: active | Q55: IoT/DevOps cho thiết bị.
A56: A7-T01 | B56: A7 | C56: T | D56: Thiết kế và đánh giá hệ thống giám sát IoT đa nút hoàn chỉnh | E56: Design and Evaluation of a Complete Multi-Node IoT Monitoring System | F56: 2 | G56: Independent Engineering Student | H56: A7-P01 + A7-P02 hoặc tương đương. | I56: A7-P01, A7-P02 | J56: Bài toán giám sát cụ thể do mentor chốt (môi trường/năng lượng/nông nghiệp...); chạy thật nhiều ngày, số liệu thật. | K56: Hệ thống >=3 node chạy pin + gateway + dashboard; đánh giá định lượng: uptime, mất gói, thời gian sống pin; khóa luận; repo + tài liệu triển khai. | L56: Kiến trúc hệ thống + spec; >=3 node chạy pin hoạt động; gateway + lưu trữ + dashboard; số liệu vận hành >=7 ngày (uptime, mất gói, năng lượng); phân tích điểm yếu; repository và tài liệu triển khai tái lập. | M56: Chỉ mở sau baseline: tối ưu năng lượng có so sánh, hoặc dự đoán bất thường đơn giản tại gateway. | N56: ESP32/STM32; MQTT/LoRa tùy bài; thiết bị đo dòng; backend + dashboard; Git. | O56: active | Q56: IoT solution engineer.
A57: A7-T02 | B57: A7 | C57: T | D57: Triển khai và tối ưu mô hình AI gọn nhẹ trên thiết bị biên | E57: Deploying and Optimizing a Lightweight AI Model on an Edge Device | F57: 3 | G57: Research-Ready Undergraduate | H57: A7-P03 hoặc tương đương. | I57: A7-P03 | J57: Một bài toán suy luận cụ thể trên MCU hoặc SoC FPGA; đánh giá trên thiết bị thật, không chỉ trên máy tính. | K57: Pipeline train->quantize->deploy tái lập; so sánh có hệ thống float/INT8 (accuracy, latency, RAM/Flash, năng lượng/suy luận); khóa luận; repo. | L57: Baseline float trên máy + trên thiết bị; bản INT8 chạy trên thiết bị; bảng accuracy/latency/bộ nhớ/năng lượng cho từng bản; phân tích trade-off; pipeline tái lập một lệnh; repository có README. | M57: Chỉ mở sau baseline: pruning/kiến trúc thay thế, hoặc chuyển một lớp nặng xuống phần cứng (nối sang AB-T05). | N57: Python/TensorFlow; TFLite Micro/CMSIS-NN; MCU hoặc Zynq; thiết bị đo dòng; Git. | O57: active | Q57: Edge AI/embedded ML engineer.
A58: A7-R01 | B58: A7 | C58: R | D58: Nghiên cứu đánh đổi độ chính xác – năng lượng – độ trễ cho suy luận tại biên | E58: Accuracy-Energy-Latency Trade-offs for On-Device Inference | F58: 4 | G58: Undergraduate Researcher | H58: A7-T02 hoặc tương đương; kỷ luật thí nghiệm. | I58: A7-T02 | J58: Trả lời: với ngân sách năng lượng cho trước của thiết bị biên, cấu hình suy luận nào tối ưu và vì sao? | K58: Research question + giả thuyết; ma trận thí nghiệm (mô hình × mức quantize × tần số/điện áp nếu có); đường cong trade-off; phân tích và khuyến nghị thiết kế; báo cáo nghiên cứu. | M58: Kiểm chứng khuyến nghị trên bài toán thứ hai khác phân phối dữ liệu. | N58: TFLite Micro; MCU/SoC FPGA; thiết bị đo dòng; Python phân tích. | O58: active | Q58: Hướng nghiên cứu edge AI hardware-aware; chấp nhận kết quả phủ định.
A59: B0-P01 | B59: B0 | C59: P | D59: Mô phỏng Polar Encoder | E59: Simulation of a Polar Encoder | F59: 0 | G59: Explorer | H59: Python/MATLAB basics; binary operations. | J59: Implement polar transform and validate on small N. | K59: Encoder implementation; known-vector validation; report. | M59: Parameterize N/K. | N59: Python hoặc MATLAB; NumPy/SciPy tương đương; plotting; Git. | O59: active | Q59: Thuật toán truyền thông; nền nghiên cứu coding theory.
A60: B0-P02 | B60: B0 | C60: P | D60: Mô phỏng BPSK/AWGN và tính LLR | E60: BPSK/AWGN Simulation and LLR Computation | F60: 0 | G60: Explorer | H60: Digital comm basics. | J60: Build verified channel/LLR block for later decoder work. | K60: Channel simulation; LLR sanity checks; plots. | M60: Compare exact/approximate LLR when relevant. | N60: Python hoặc MATLAB; NumPy/SciPy tương đương; plotting; Git. | O60: active | Q60: Thuật toán truyền thông; nền nghiên cứu coding theory.
A61: B0-P03 | B61: B0 | C61: P | D61: Xây dựng SC decoder cơ bản bằng MATLAB/Python | E61: Basic SC Decoder in MATLAB/Python | F61: 1 | G61: Beginner Engineer | H61: B0-P01/P02 or equivalent. | I61: B0-P01, B0-P02 | J61: Correct recursive/iterative SC baseline. | K61: SC decoder; unit tests; small BER/BLER result. | M61: Complexity profiling. | N61: Python hoặc MATLAB; NumPy/SciPy tương đương; plotting; Git. | O61: active | Q61: Thuật toán truyền thông; nền nghiên cứu coding theory.
A62: B0-I01 | B62: B0 | C62: I | D62: Xây dựng bộ mô phỏng Polar Code có khả năng tái lập | E62: Reproducible Polar Code Simulation Framework | F62: 2 | G62: Independent Engineering Student | H62: Python/MATLAB; SC basics; Git. | I62: B0-P03 | J62: One-command repeatable baseline framework. | K62: Configurable N/K/EbN0; seeded runs; BER/BLER; README; scripts. | M62: Automated sweeps and result archival. | N62: Python hoặc MATLAB; NumPy/SciPy tương đương; plotting; Git. | O62: active | Q62: Thuật toán truyền thông; nền nghiên cứu coding theory.
A63: B0-T01 | B63: B0 | C63: T | D63: Xây dựng và đánh giá hệ thống Polar Code sử dụng SC decoding | E63: Software Modeling and Performance Evaluation of Polar Codes with SC Decoding | F63: 2 | G63: Independent Engineering Student | H63: Digital comm + Python/MATLAB. | J63: Foundation thesis for students not yet ready for RTL. | K63: Full encode-channel-decode chain; validation; BER/BLER sweeps; complexity discussion; legacy package. | L63: Reusable simulator; BER/BLER curves; Unit tests/golden vectors; Technical note về SC flow; Dataset/test vectors cho hardware track. | M63: Add quantization or controlled SC improvement. | N63: Python hoặc MATLAB, Git. | O63: active | P63: B1 | Q63: Thuật toán truyền thông; nền nghiên cứu coding theory.
A64: B1-P01 | B64: B1 | C64: P | D64: Thiết kế Polar Encoder RTL | E64: RTL Design of a Polar Encoder | F64: 1 | G64: Beginner Engineer | H64: B0 encoder + RTL. | I64: B0-P01 | J64: Translate polar transform to hardware. | K64: RTL encoder; golden vectors; testbench; synthesis. | M64: Pipeline/resource sharing. | N64: Python/MATLAB golden model; Verilog/SystemVerilog; simulator; FPGA toolchain. | O64: active | Q64: Hardware architecture cho coding; RTL cho khối giải mã.
A65: B1-P02 | B65: B1 | C65: P | D65: Thiết kế f Processing Element | E65: RTL Design of the Polar f Processing Element | F65: 1 | G65: Beginner Engineer | H65: SC f-function understanding + fixed-point basics. | I65: B0-P03 | J65: Implement exact/min-sum form appropriate to scope. | K65: Reference f; RTL; exhaustive/random tests; synthesis. | M65: Pipeline/precision variants. | N65: Python/MATLAB golden model; Verilog/SystemVerilog; simulator; FPGA toolchain. | O65: active | Q65: Hardware architecture cho coding; RTL cho khối giải mã.
A66: B1-P03 | B66: B1 | C66: P | D66: Thiết kế g Processing Element | E66: RTL Design of the Polar g Processing Element | F66: 1 | G66: Beginner Engineer | H66: SC g-function + fixed-point. | I66: B0-P03 | J66: Handle partial sum/control input correctly. | K66: Reference g; RTL; tests; synthesis. | M66: Precision variants. | N66: Python/MATLAB golden model; Verilog/SystemVerilog; simulator; FPGA toolchain. | O66: active | Q66: Hardware architecture cho coding; RTL cho khối giải mã.
A67: B1-P04 | B67: B1 | C67: P | D67: Thiết kế Partial-Sum Unit | E67: RTL Design of a Partial-Sum Unit | F67: 2 | G67: Independent Engineering Student | H67: SC graph/partial sums + RTL. | I67: B0-P03 | J67: Create correct partial-sum update module. | K67: Architecture; RTL; tests; synthesis. | M67: Memory/control optimization. | N67: Python/MATLAB golden model; Verilog/SystemVerilog; simulator; FPGA toolchain. | O67: active | Q67: Hardware architecture cho coding; RTL cho khối giải mã.
A68: B1-I01 | B68: B1 | C68: I | D68: Thiết kế và kiểm chứng f/g Processing Elements trên FPGA | E68: Design and Verification of Polar f/g Processing Elements on FPGA | F68: 2 | G68: Independent Engineering Student | H68: B1-P + FPGA. | I68: B1-P* | J68: Implement and validate hardware PEs. | K68: Golden co-verification; FPGA synthesis; resource/Fmax; report. | M68: Compare exact vs min-sum or precisions. | N68: Python/MATLAB golden model; Verilog/SystemVerilog; simulator; FPGA toolchain. | O68: active | Q68: Hardware architecture cho coding; RTL cho khối giải mã.
A69: B1-T01 | B69: B1 | C69: T | D69: Thiết kế Polar Encoder trên FPGA | E69: FPGA Design and Verification of a Polar Encoder | F69: 2 | G69: Independent Engineering Student | H69: B0 + RTL + FPGA. | I69: B0-P01 | J69: Compare at least one architectural decision where feasible. | K69: Architecture; RTL; verification; FPGA; resource/Fmax/latency/throughput. | L69: Golden encoder; RTL + testbench; FPGA resource/Fmax/latency; Architecture explanation; Demo hoặc co-simulation. | M69: ASIC feasibility or pipelining. | N69: Python/MATLAB, Verilog, simulator, FPGA tool. | O69: active | P69: B2 | Q69: Hardware architecture cho coding; RTL cho khối giải mã.
A70: B1-T02 | B70: B1 | C70: T | D70: Thiết kế và đánh giá f/g Processing Elements cho Polar Decoder | E70: Design and Evaluation of Processing Elements for Polar Decoders | F70: 2 | G70: Independent Engineering Student | H70: B0 SC + fixed-point + RTL. | I70: B0-P03 | J70: Connect numerical approximation to hardware cost. | K70: Exact/min-sum/reference; fixed-point RTL; timing/area/resource; BLER impact via model. | L70: PE RTL; Verification suite; Error statistics; PPA/timing comparison; BLER impact analysis. | M70: ASIC PPA or broader bit-width sweep. | N70: Python/MATLAB, Verilog, simulator, synthesis/STA. | O70: active | P70: B5 | Q70: Hardware architecture cho coding; RTL cho khối giải mã.
A71: B2-I01 | B71: B2 | C71: I | D71: Xây dựng kiến trúc SC decoder theo từng module | E71: Modular Construction of an SC Polar Decoder Architecture | F71: 2 | G71: Independent Engineering Student | H71: B0 + B1. | I71: B0-P03, B1-P* | J71: Assemble decoder incrementally, not monolithically. | K71: Module interfaces; f/g/partial-sum/control integration tests; documentation. | M71: Automation of vector tests. | N71: Python/MATLAB; Verilog/SystemVerilog; simulator; FPGA tools; Git. | O71: active | Q71: Decoder hardware architecture trên FPGA.
A72: B2-T01 | B72: B2 | C72: T | D72: Thiết kế bộ giải mã SC Polar trên FPGA | E72: FPGA Architecture and Implementation of an SC Polar Decoder | F72: 3 | G72: Research-Ready Undergraduate | H72: Correct SC software baseline; B1; strong RTL. | I72: B0-P03, B1-P* | J72: Complete hardware-oriented SC decoder at manageable N/K. | K72: Golden model; fixed-point; RTL decoder; co-verification; FPGA; BER/BLER + resource/Fmax/latency/throughput. | L72: SC golden model; RTL decoder hoặc subsystem đủ lớn; Test vectors + co-verification; Resource/Fmax/latency/throughput; Architecture report. | M72: Optimization only after correctness. | N72: Python/MATLAB, Verilog/SystemVerilog, simulator, FPGA tool. | O72: active | P72: B3 | Q72: Decoder hardware architecture trên FPGA.
A73: B2-T02 | B73: B2 | C73: T | D73: Software-RTL co-verification cho SC Polar decoder | E73: Software-RTL Co-Verification for an SC Polar Decoder | F73: 3 | G73: Research-Ready Undergraduate | H73: SC model + RTL modules + scripting. | I73: B0-P03 | J73: Focus on verification methodology and reproducibility. | K73: Automated vector generation; RTL comparison; regression; mismatch diagnosis; report. | L73: Khung co-verification tự động SC software ↔ RTL với regression cho tối thiểu các module f/g/partial-sum và một cấu hình decoder nhỏ. | M73: CI regression. | N73: Python/MATLAB; Verilog/SystemVerilog; simulator; FPGA tools; Git. | O73: active | Q73: Decoder hardware architecture trên FPGA.
A74: B2-R01 | B74: B2 | C74: R | D74: Architecture optimization cho SC decoder | E74: Architecture Optimization for an SC Polar Decoder | F74: 4 | G74: Undergraduate Researcher | H74: Stable B2-T01-like baseline. | I74: B2-T01 | J74: Quantify area-latency-throughput trade-offs. | K74: 2+ architectures or parallelism/resource-sharing configurations; controlled evaluation. | M74: Design-space search. | N74: Python/MATLAB; Verilog/SystemVerilog; simulator; FPGA tools; Git. | O74: active | Q74: Decoder hardware architecture trên FPGA.
A75: B3-P01 | B75: B3 | C75: P | D75: Khảo sát quantization của LLR | E75: LLR Quantization Study for Polar Decoding | F75: 1 | G75: Beginner Engineer | H75: SC software baseline. | I75: B0-P03 | J75: Sweep precision/saturation and observe BER/BLER. | K75: Floating vs 3/4/5/6-bit results; plots; explanation. | M75: Optimize clipping range. | N75: Python/MATLAB; RTL/FPGA tools khi cần; scripts sweep và plotting. | O75: active | Q75: Hardware-aware algorithm engineering; fixed-point optimization.
A76: B3-I01 | B76: B3 | C76: I | D76: Fixed-point implementation của Polar processing elements | E76: Fixed-Point Implementation of Polar Processing Elements | F76: 2 | G76: Independent Engineering Student | H76: B1 + numerical analysis. | I76: B1-P* | J76: Translate quantization decisions to implementation. | K76: Fixed-point reference; RTL or synthesizable model; error tests; resource. | M76: Multiple Q-formats. | N76: Python/MATLAB; RTL/FPGA tools khi cần; scripts sweep và plotting. | O76: active | Q76: Hardware-aware algorithm engineering; fixed-point optimization.
A77: B3-T01 | B77: B3 | C77: T | D77: Phân tích lượng tử hóa LLR cho hardware-efficient Polar decoding | E77: Fixed-Point LLR Quantization Analysis for Hardware-Efficient Polar Decoding | F77: 3 | G77: Research-Ready Undergraduate | H77: Correct SC baseline; scripted experiments. | I77: B0-P03 | J77: Find minimum practical precision under defined performance loss. | K77: BLER/BER vs bit-width; complexity/hardware proxy; controlled analysis; thesis. | L77: Quantization framework; BLER curves theo bit-width; Hardware-cost proxy hoặc synthesis; Recommendation bit-width/range. | M77: RTL/FPGA validation of selected points. | N77: Python/MATLAB, tùy chọn Verilog/Yosys/FPGA. | O77: active | P77: B4 | Q77: Hardware-aware algorithm engineering; fixed-point optimization.
A78: B3-T02 | B78: B3 | C78: T | D78: Tối ưu fixed-point cho SC Polar decoder | E78: Fixed-Point Optimization of an SC Polar Decoder | F78: 3 | G78: Research-Ready Undergraduate | H78: B2 or equivalent decoder + B3 basics. | I78: B2-T01 | J78: Jointly tune multiple numerical formats without changing decoder logic. | K78: LLR/intermediate widths; saturation/clipping; BLER; resource/timing estimates. | L78: Cấu hình fixed-point (LLR + intermediate) cho SC decoder chạy đúng, kèm bảng BLER và ước lượng resource cho tối thiểu 3 cấu hình. | M78: Automated search/Pareto analysis. | N78: Python/MATLAB; RTL/FPGA tools khi cần; scripts sweep và plotting. | O78: active | Q78: Hardware-aware algorithm engineering; fixed-point optimization.
A79: B3-R01 | B79: B3 | C79: R | D79: Adaptive-precision Polar decoding | E79: Adaptive-Precision Polar Decoding | F79: 4 | G79: Undergraduate Researcher | H79: Strong B3-T baseline; research readiness. | I79: B3-T* | J79: Ask whether all frames/channel states need the same precision. | K79: Baseline fixed precision; adaptation rule; BLER/average-cost analysis; reproducible experiments. | M79: Hardware-aware implementation if evidence supports it. | N79: Python/MATLAB; RTL/FPGA tools khi cần; scripts sweep và plotting. | O79: active | Q79: Hardware-aware algorithm engineering; fixed-point optimization.
A80: B4-P01 | B80: B4 | C80: P | D80: Phân tích các lỗi SC decoding | E80: Failure Analysis of SC Polar Decoding | F80: 2 | G80: Independent Engineering Student | H80: Correct SC baseline. | I80: B0-P03 | J80: Identify where/when first decision errors occur. | K80: Failure cases; reliability traces; categorized analysis. | M80: Correlate with channel/reliability features. | N80: Python/MATLAB; Git; plotting; RTL/FPGA tùy scope. | O80: active | Q80: Nghiên cứu thuật toán decoding (SC-Flip/reliability).
A81: B4-P02 | B81: B4 | C81: P | D81: Reliability ranking dựa trên trị tuyệt đối LLR | E81: Reliability Ranking Based on LLR Magnitude | F81: 2 | G81: Independent Engineering Student | H81: SC baseline + basic statistics. | I81: B0-P03 | J81: Build transparent heuristic baseline. | K81: Candidate ranking; Top-k metrics; plots. | M81: Alternative reliability metrics. | N81: Python/MATLAB; Git; plotting; RTL/FPGA tùy scope. | O81: active | Q81: Nghiên cứu thuật toán decoding (SC-Flip/reliability).
A82: B4-I01 | B82: B4 | C82: I | D82: Xây dựng SC-Flip software decoder | E82: Software Implementation of an SC-Flip Polar Decoder | F82: 2 | G82: Independent Engineering Student | H82: SC baseline; candidate ranking. | I82: B4-P02 | J82: SC -> candidate -> flip -> re-decode. | K82: SCF code; validation; BLER/attempts; reproducible scripts. | M82: CRC-assisted variant if scope allows. | N82: Python/MATLAB; Git; plotting; RTL/FPGA tùy scope. | O82: active | Q82: Nghiên cứu thuật toán decoding (SC-Flip/reliability).
A83: B4-T01 | B83: B4 | C83: T | D83: Thiết kế và đánh giá SC-Flip Polar decoder | E83: Design and Performance Evaluation of SC-Flip Polar Decoding | F83: 3 | G83: Research-Ready Undergraduate | H83: B4-I01-level baseline; experimental discipline. | I83: B4-I01 | J83: Evaluate reliability-based re-decoding under controlled settings. | K83: SC vs SCF; BLER; attempts; latency/complexity proxy; analysis. | L83: SCF simulator; Candidate-ranking analysis; BLER/complexity plots; Average attempts/latency proxy; Conclusion về reliability metric. | M83: Hardware mapping or improved metric. | N83: Python/MATLAB, Git. | O83: active | P83: B6 | Q83: Nghiên cứu thuật toán decoding (SC-Flip/reliability).
A84: B4-T02 | B84: B4 | C84: T | D84: Reliability-based candidate ranking cho SC-Flip | E84: Reliability-Based Candidate Ranking for SC-Flip Polar Decoding | F84: 3 | G84: Research-Ready Undergraduate | H84: Stable SCF framework. | I84: B4-I01 | J84: Compare transparent ranking metrics. | K84: Top-1/Top-k ranking; BLER; attempts; baselines; thesis. | L84: Ranking dataset; Baseline + proposed/simple metrics; Top-k results; BLER vs attempts; Complexity discussion. | M84: Lightweight ML only after strong heuristic baselines. | N84: Python/MATLAB. | O84: active | P84: B8 | Q84: Nghiên cứu thuật toán decoding (SC-Flip/reliability).
A85: B4-R01 | B85: B4 | C85: R | D85: Improved reliability metric cho SCF | E85: Improved Reliability Metrics for SC-Flip Decoding | F85: 4 | G85: Undergraduate Researcher | H85: B4-T-level baseline + literature skill. | I85: B4-T* | J85: Use LLR/path/CRC/other valid decoder-state information. | K85: New/combined metric; ablation; statistical evaluation; paper-ready figures. | M85: Hardware-cost-aware metric. | N85: Python/MATLAB; Git; plotting; RTL/FPGA tùy scope. | O85: active | Q85: Nghiên cứu thuật toán decoding (SC-Flip/reliability).
A86: B5-P01 | B86: B5 | C86: P | D86: Thiết kế unreliable-frame detector dựa trên threshold | E86: Threshold-Based Unreliable-Frame Detection | F86: 2 | G86: Independent Engineering Student | H86: SC baseline; reliability features. | I86: B0-P03 | J86: Start with transparent threshold baseline. | K86: Detector; ROC/trigger metrics or suitable classification metrics; plots. | M86: Multi-feature logistic regression. | N86: Python/MATLAB; experiment scripts; RTL/FPGA model tùy scope. | O86: active | Q86: Adaptive decoding research; cân bằng thuật toán-phần cứng.
A87: B5-I01 | B87: B5 | C87: I | D87: Xây dựng adaptive SC/SCF simulation framework | E87: Adaptive SC/SCF Simulation Framework | F87: 3 | G87: Research-Ready Undergraduate | H87: SC + SCF stable. | I87: B4-I01 | J87: Infrastructure for selective enhanced decoding. | K87: Reliable/unreliable branch framework; seeded experiments; activation statistics; docs. | M87: Hardware-cost accounting. | N87: Python/MATLAB; experiment scripts; RTL/FPGA model tùy scope. | O87: active | Q87: Adaptive decoding research; cân bằng thuật toán-phần cứng.
A88: B5-T01 | B88: B5 | C88: T | D88: Phát hiện frame không tin cậy cho adaptive Polar decoding | E88: Unreliable-Frame Detection for Adaptive Polar Decoding | F88: 3 | G88: Research-Ready Undergraduate | H88: B5-P/I baseline; controlled experiments. | I88: B5-P01 | J88: Predict whether stronger decoding is worth invoking. | K88: Feature study; threshold/logistic baseline; detection/false trigger/missed trigger/activation/BLER. | L88: Dataset/features; Detector baseline; ROC/F1 hoặc metric phù hợp; Activation rate + BLER + average cost; Adaptive policy report. | M88: Lightweight NN if justified. | N88: Python/MATLAB; scikit-learn hoặc mô hình nhẹ tương đương. | O88: active | P88: B7 | Q88: Adaptive decoding research; cân bằng thuật toán-phần cứng.
A89: B5-T02 | B89: B5 | C89: T | D89: Adaptive decoder chỉ kích hoạt enhanced processing trên frame khó | E89: Adaptive Polar Decoding with Selective Enhanced Processing | F89: 3 | G89: Research-Ready Undergraduate | H89: SC/SCF + reliable detector. | I89: B5-T01 | J89: Compare fixed strong decoder vs selective processing. | K89: End-to-end adaptive framework; BLER; activation rate; avg attempts/latency/complexity. | L89: Adaptive decoder simulator; Threshold/policy study; BLER/activation/cost curves; Comparison với SC và always-enhanced. | M89: Hardware-aware energy/resource model. | N89: Python/MATLAB; tùy chọn RTL cost model. | O89: active | P89: B9 | Q89: Adaptive decoding research; cân bằng thuật toán-phần cứng.
A90: B5-T03 | B90: B5 | C90: T | D90: Đồng thiết kế thuật toán - phần cứng cho bộ giải mã Polar thích ứng | E90: Algorithm-Hardware Co-Design of an Adaptive Polar Decoder | F90: 4 | G90: Undergraduate Researcher | H90: Adaptive decoder baseline (B5); fixed-point; RTL/synthesis; Python. | I90: B5-T02 | J90: Đánh giá thuật toán adaptive không chỉ bằng BLER mà đồng thời bằng latency, operations, memory và hardware cost; synthesis các critical block hoặc subsystem. | K90: Algorithm baseline; operation/memory model; fixed-point/quantization; RTL các critical block; Pareto analysis reliability-cost; co-design recommendations. | L90: Algorithm baseline; Hardware cost model; Critical-block RTL; Pareto results; Co-design recommendations. | M90: FPGA prototype một subsystem. | N90: Python/MATLAB, Verilog, synthesis/FPGA/ASIC tools. | O90: active | P90: B11 | Q90: Adaptive decoding research; cân bằng thuật toán-phần cứng.
A91: B5-R01 | B91: B5 | C91: R | D91: Adaptive Polar decoding dưới ràng buộc hardware | E91: Hardware-Constrained Adaptive Polar Decoding | F91: 4 | G91: Undergraduate Researcher | H91: Strong B5-T baseline + hardware awareness. | I91: B5-T* | J91: Improve BLER while controlling average hardware-related cost. | K91: Research hypothesis; reproducible baselines; latency/resource/energy proxy; paper-ready analysis. | M91: FPGA prototype or joint precision/adaptation. | N91: Python/MATLAB; experiment scripts; RTL/FPGA model tùy scope. | O91: active | Q91: Adaptive decoding research; cân bằng thuật toán-phần cứng.
A92: B6-I01 | B92: B6 | C92: I | D92: Lightweight ML classifier cho unreliable-frame detection | E92: Lightweight ML Classifier for Unreliable-Frame Detection | F92: 3 | G92: Research-Ready Undergraduate | H92: B5 threshold baseline + ML basics. | I92: B5-P01 | J92: ML supports a narrow task; no end-to-end decoder replacement. | K92: Train/val/test split; logistic/simple ML/MLP comparisons; reproducible model; metrics. | M92: Quantization/model compression. | N92: Python; PyTorch/TensorFlow tương đương; baseline scripts; hardware-cost estimation/FPGA tools khi phù hợp. | O92: active | Q92: ML-assisted communications; hardware-aware ML.
A93: B6-T01 | B93: B6 | C93: T | D93: Lightweight neural-assisted unreliable-frame detector | E93: Lightweight Neural-Assisted Unreliable-Frame Detector | F93: 4 | G93: Undergraduate Researcher | H93: B5-T-level baseline + ML + data hygiene. | I93: B5-T01 | J93: Demonstrate benefit beyond transparent baselines. | K93: Heuristic + classical ML + lightweight NN; BLER/activation/model size/inference cost. | L93: Detector heuristic + classical ML baseline hoàn chỉnh, so sánh công bằng trên cùng dữ liệu/seed; NN nhẹ chỉ thêm sau khi baseline chốt. | M93: FPGA inference feasibility. | N93: Python; PyTorch/TensorFlow tương đương; baseline scripts; hardware-cost estimation/FPGA tools khi phù hợp. | O93: active | Q93: ML-assisted communications; hardware-aware ML.
A94: B6-T02 | B94: B6 | C94: T | D94: Neural-assisted candidate ranking cho SC-Flip Polar decoder | E94: Lightweight Neural-Assisted Candidate Ranking for SC-Flip Polar Decoding | F94: 4 | G94: Undergraduate Researcher | H94: B4 stable + ML basics + research readiness. | I94: B4-I01 | J94: NN ranks candidates only. | K94: SC/SCF baselines; Top-k; BLER; attempts; model parameters/ops; thesis. | L94: Reproducible dataset split; Heuristic baseline; Lightweight model; Top-k/BLER/complexity comparison; Hardware-feasibility note. | M94: Quantized model/hardware implementation. | N94: Python, PyTorch, NumPy; tùy chọn synthesis model. | O94: active | P94: B10 | Q94: ML-assisted communications; hardware-aware ML.
A95: B6-R01 | B95: B6 | C95: R | D95: Hardware-aware neural-assisted adaptive Polar decoder | E95: Hardware-Aware Neural-Assisted Adaptive Polar Decoder | F95: 5 | G95: Advanced Research Student | H95: B5/B6 baseline; strong research ownership; hardware awareness. | I95: B5-T02 | J95: Selective lightweight neural assistance under hardware constraints. | K95: Research-grade ablation; BLER; activation; latency/ops/memory/resource/energy proxy; reproducibility. | M95: FPGA prototype if feasible. | N95: Python; PyTorch/TensorFlow tương đương; baseline scripts; hardware-cost estimation/FPGA tools khi phù hợp. | O95: active | Q95: ML-assisted communications; hardware-aware ML.
A96: B6-R02 | B96: B6 | C96: R | D96: Algorithm-hardware co-design của neural-assisted Polar decoder | E96: Algorithm-Hardware Co-Design of a Neural-Assisted Polar Decoder | F96: 5 | G96: Advanced Research Student | H96: B6-R01-like maturity + RTL/FPGA capability. | I96: B6-R01 | J96: Treat network and decoder architecture as co-designed components. | K96: Joint algorithm/hardware design space; hardware-aware model selection; implementation evidence. | M96: ASIC feasibility. | N96: Python; PyTorch/TensorFlow tương đương; baseline scripts; hardware-cost estimation/FPGA tools khi phù hợp. | O96: active | Q96: ML-assisted communications; hardware-aware ML.
A97: AB-P01 | B97: AB | C97: P | D97: Đo chi phí một thuật toán trên ba nền tảng: MCU, FPGA, ASIC ước lượng | E97: Cost of One Algorithm on Three Platforms: MCU, FPGA, and ASIC Estimate | F97: 2 | G97: Independent Engineering Student | H97: A1-P* + A6-P01; một khối xử lý đã hiểu rõ (FIR hoặc f/g PE). | I97: A1-P*, A6-P01 | J97: Bài nhập môn co-design: cảm nhận bằng số liệu tại sao cùng một thuật toán có chi phí khác nhau trên từng nền tảng. | K97: Cùng một khối xử lý đo trên MCU (cycle/năng lượng), FPGA (tài nguyên/Fmax) và ASIC ước lượng qua synthesis (area/timing); bảng so sánh ba cột + phân tích. | M97: Thêm một điểm thiết kế thứ hai (bit width khác) và so lại cả ba nền tảng. | N97: C; MCU; Verilog; FPGA toolchain; Yosys + thư viện chuẩn; Python. | O97: active | Q97: Tư duy platform-aware — nền của mọi đề tài co-design phía sau.
A98: AB-T01 | B98: AB | C98: T | D98: ASIC feasibility study cho Polar Processing Element | E98: ASIC Feasibility Study of a Polar Processing Element | F98: 3 | G98: Research-Ready Undergraduate | H98: B1 PE + A4 flow. | I98: B1-P02, B1-P03, A4-P01 | J98: Take f/g/partial-sum block through ASIC flow. | K98: Verified PE; synthesis; STA; physical implementation; PPA; analysis. | L98: Verified Polar RTL block; Synthesis/STA reports; Physical layout/GDSII nếu đạt; PPA analysis; ASIC feasibility conclusion. | M98: Precision/pipeline comparison. | N98: Python/MATLAB, Verilog, Yosys, LibreLane/OpenROAD, KLayout. | O98: active | P98: B12 | Q98: Algorithm-hardware co-design; Digital IC x communications research.
A99: AB-T02 | B99: AB | C99: T | D99: FPGA-to-ASIC evaluation của Polar Encoder | E99: FPGA-to-ASIC Evaluation of a Polar Encoder | F99: 3 | G99: Research-Ready Undergraduate | H99: B1-T01 + A4 basics. | I99: B1-T01, A4-P01 | J99: Same functional design evaluated on FPGA and ASIC flow. | K99: FPGA metrics + ASIC PPA; methodology comparison; report. | L99: Encoder đã verify + số liệu FPGA + ASIC synthesis/STA cho một cấu hình; bảng so sánh phương pháp đo hai flow. | M99: Architecture variants. | N99: Python/MATLAB; RTL; FPGA; Yosys; LibreLane/OpenROAD; KLayout. | O99: active | Q99: Algorithm-hardware co-design; Digital IC x communications research.
A100: AB-T03 | B100: AB | C100: T | D100: FPGA-to-ASIC evaluation của SC Polar Decoder | E100: FPGA-to-ASIC Evaluation of an SC Polar Decoder | F100: 4 | G100: Undergraduate Researcher | H100: B2-T01 + A4; scope control essential. | I100: B2-T01, A4-T01 | J100: May use reduced N or core subsystem to fit 15 weeks. | K100: Selected decoder/core; FPGA and ASIC evidence; trade-off analysis. | L100: Một decoder/core subsystem (cho phép N thu gọn) qua cả FPGA và ASIC flow với evidence PPA hai phía. | M100: Optimization after reproducible baseline. | N100: Python/MATLAB; RTL; FPGA; Yosys; LibreLane/OpenROAD; KLayout. | O100: active | Q100: Algorithm-hardware co-design; Digital IC x communications research.
...

Sheet Students
A1: Student ID | B1: Full name | C1: Class | D1: Email | E1: Career goal | F1: Track Type | G1: Top 1 | H1: Top 2 | I1: Top 3 | J1: Status | K1: Risk | L1: Assigned Topic | M1: MVT | N1: Extension | O1: Last Evidence | P1: Next Deliverable | Q1: Next Deadline | R1: Notes

Sheet Readiness
A1: Student ID | B1: Full name | C1: Electronics | D1: Digital Logic | E1: Verilog/SV | F1: Simulation/Debug | G1: FPGA | H1: Python | I1: MATLAB | J1: Linux/WSL | K1: Git/GitHub | L1: DSP | M1: Digital Comm | N1: Probability | O1: Coding Theory | P1: Polar Codes | Q1: English Reading | R1: Technical Writing | S1: TR Avg | T1: WR Commitment | U1: WR Persistence | V1: WR Integrity | W1: WR Initiative | X1: WR Critical Thinking | Y1: WR Total | Z1: RR Literature | AA1: RR Baseline | AB1: RR Experiment | AC1: RR Interpretation | AD1: RR Ownership | AE1: RR Avg | AF1: Mentor Decision | AG1: Conditions/Notes
S2: =IFERROR(AVERAGE(C2:R2),"") | Y2: =IF(COUNTA(T2:X2)=0,"",SUM(T2:X2)) | AE2: =IFERROR(AVERAGE(Z2:AD2),"")
S3: =IFERROR(AVERAGE(C3:R3),"") | Y3: =IF(COUNTA(T3:X3)=0,"",SUM(T3:X3)) | AE3: =IFERROR(AVERAGE(Z3:AD3),"")
S4: =IFERROR(AVERAGE(C4:R4),"") | Y4: =IF(COUNTA(T4:X4)=0,"",SUM(T4:X4)) | AE4: =IFERROR(AVERAGE(Z4:AD4),"")
S5: =IFERROR(AVERAGE(C5:R5),"") | Y5: =IF(COUNTA(T5:X5)=0,"",SUM(T5:X5)) | AE5: =IFERROR(AVERAGE(Z5:AD5),"")
S6: =IFERROR(AVERAGE(C6:R6),"") | Y6: =IF(COUNTA(T6:X6)=0,"",SUM(T6:X6)) | AE6: =IFERROR(AVERAGE(Z6:AD6),"")
S7: =IFERROR(AVERAGE(C7:R7),"") | Y7: =IF(COUNTA(T7:X7)=0,"",SUM(T7:X7)) | AE7: =IFERROR(AVERAGE(Z7:AD7),"")
S8: =IFERROR(AVERAGE(C8:R8),"") | Y8: =IF(COUNTA(T8:X8)=0,"",SUM(T8:X8)) | AE8: =IFERROR(AVERAGE(Z8:AD8),"")
S9: =IFERROR(AVERAGE(C9:R9),"") | Y9: =IF(COUNTA(T9:X9)=0,"",SUM(T9:X9)) | AE9: =IFERROR(AVERAGE(Z9:AD9),"")
S10: =IFERROR(AVERAGE(C10:R10),"") | Y10: =IF(COUNTA(T10:X10)=0,"",SUM(T10:X10)) | AE10: =IFERROR(AVERAGE(Z10:AD10),"")
S11: =IFERROR(AVERAGE(C11:R11),"") | Y11: =IF(COUNTA(T11:X11)=0,"",SUM(T11:X11)) | AE11: =IFERROR(AVERAGE(Z11:AD11),"")
S12: =IFERROR(AVERAGE(C12:R12),"") | Y12: =IF(COUNTA(T12:X12)=0,"",SUM(T12:X12)) | AE12: =IFERROR(AVERAGE(Z12:AD12),"")
S13: =IFERROR(AVERAGE(C13:R13),"") | Y13: =IF(COUNTA(T13:X13)=0,"",SUM(T13:X13)) | AE13: =IFERROR(AVERAGE(Z13:AD13),"")
... S101: =IFERROR(AVERAGE(C101:R101),"") | Y101: =IF(COUNTA(T101:X101)=0,"",SUM(T101:X101)) | AE101: =IFERROR(AVERAGE(Z101:AD101),"")

Sheet Weekly_Status
A1: Student ID | B1: Full name | C1: Week | D1: Date | E1: Goal | F1: Completed | G1: Evidence Link | H1: Failure/Blocker | I1: Diagnosis | J1: What Tried | K1: Proposed Next Step | L1: Question for Mentor | M1: AI Use Summary | N1: Risk | O1: Mentor Decision | P1: Next Deliverable | Q1: Deadline

Sheet Milestones
A1: Student ID | B1: Full name | C1: Assigned Topic | D1: Gate | E1: Week Window | F1: Requirement | G1: Status | H1: Evidence | I1: Decision/Action | J1: Reviewed Date
D2: Gate 1 - Problem & Foundation | E2: Tuần 1-2 | F2: Hiểu problem, input/output, baseline, metric, prerequisite gaps. | G2: Not Started
D3: Gate 2 - Baseline | E3: Tuần 3-5 | F3: Baseline/chức năng cơ sở phải chạy và có evidence tái lập. | G3: Not Started
D4: Gate 3 - Core Implementation | E4: Tuần 6-8 | F4: Có core implementation và kết quả định lượng trung gian. | G4: Not Started
D5: Gate 4 - Experiments | E5: Tuần 9-11 | F5: Thực nghiệm chính hoàn tất; table/figure chính hình thành. | G5: Not Started
D6: Gate 5 - Analysis & Draft | E6: Tuần 12-13 | F6: Phân tích kết quả và bản thảo báo cáo/khóa luận đầy đủ. | G6: Not Started
D7: Gate 6 - Reproducibility & Defense | E7: Tuần 14-15 | F7: Người khác có thể chạy lại; slides/demo; legacy package; defense readiness. | G7: Not Started
D8: Gate 1 - Problem & Foundation | E8: Tuần 1-2 | F8: Hiểu problem, input/output, baseline, metric, prerequisite gaps. | G8: Not Started
D9: Gate 2 - Baseline | E9: Tuần 3-5 | F9: Baseline/chức năng cơ sở phải chạy và có evidence tái lập. | G9: Not Started
D10: Gate 3 - Core Implementation | E10: Tuần 6-8 | F10: Có core implementation và kết quả định lượng trung gian. | G10: Not Started
D11: Gate 4 - Experiments | E11: Tuần 9-11 | F11: Thực nghiệm chính hoàn tất; table/figure chính hình thành. | G11: Not Started
D12: Gate 5 - Analysis & Draft | E12: Tuần 12-13 | F12: Phân tích kết quả và bản thảo báo cáo/khóa luận đầy đủ. | G12: Not Started
D13: Gate 6 - Reproducibility & Defense | E13: Tuần 14-15 | F13: Người khác có thể chạy lại; slides/demo; legacy package; defense readiness. | G13: Not Started
... D601: Gate 6 - Reproducibility & Defense | E601: Tuần 14-15 | F601: Người khác có thể chạy lại; slides/demo; legacy package; defense readiness. | G601: Not Started

Sheet Rubrics
A1: WORKING READINESS (0-4 each) | F1: SUGGESTED THRESHOLDS
A3: Criterion | B3: Evidence | C3: Score | D3: Notes | F3: Activity | G3: TR | H3: WR | I3: RR | J3: Interpretation
A4: Cam kết & kỷ luật | B4: Đúng deadline; tham gia/đổi lịch đúng quy ước; cập nhật đều; không để task “vâng dạ rồi để đó”. | C4: 0-4 | F4: Course Project | G4: Low-Medium | H4: >=10/20 | I4: Not required | J4: Skill acquisition
A5: Kiên trì | B5: Khi gặp lỗi có evidence về các thử nghiệm chẩn đoán, không bỏ cuộc ngay. | C5: 0-4 | F5: Internship | G5: Medium | H5: >=12/20 | I5: Not required | J5: Engineering workflow
A6: Trung thực | B6: Phân biệt rõ tự làm, tham khảo, AI hỗ trợ, chưa hiểu, kết quả âm/không như kỳ vọng. | C6: 0-4 | F6: DATN Engineering | G6: Medium | H6: >=14/20 | I6: Basic | J6: Complete engineering project
A7: Chủ động | B7: Tự tìm từ khóa/tài liệu; đề xuất next step trước khi hỏi mentor “em làm gì tiếp?”. | C7: 0-4 | F7: DATN Research-oriented | G7: Good | H7: >=15/20 | I7: Good | J7: Experiment/research orientation
A8: Tư duy phản biện | B8: Hỏi tại sao; so sánh alternatives; chấp nhận/sửa quan điểm theo evidence. | C8: 0-4 | F8: Research | G8: Good+ | H8: >=16/20 | I8: Required | J8: Research question ownership
F9: Advanced B6/AB-R | G9: High | H9: >=17/20 | I9: Very good | J9: Advanced co-design/research
A11: RESEARCH READINESS (0-4 each)
A13: Criterion | B13: Evidence | C13: Score | D13: Notes
A14: Literature comprehension | B14: Đọc được paper/tài liệu và tách problem, assumptions, method, metrics, limitations. | C14: 0-4
A15: Baseline discipline | B15: Ưu tiên baseline đúng, tái lập trước novelty. | C15: 0-4
A16: Experimental design | B16: Biết control variables, seed/config, metric và so sánh công bằng. | C16: 0-4
A17: Interpretation | B17: Giải thích kết quả, không chỉ báo số/figure. | C17: 0-4
A18: Research ownership | B18: Tự hình thành câu hỏi/giả thuyết nhỏ và biết giới hạn claim. | C18: 0-4
A22: NGUỒN CHUẨN: 06_Data/readiness_rubrics.json (phiên bản hiện hành — xem meta.version) — WR 0-4 (/20) với ngưỡng; RR 0-4; TR 0-5 với 16 năng lực. Sheet này là view.

Sheet Dashboard
A1: MENTORING PROGRAM DASHBOARD - TEMPLATE
A3: KPI | B3: Value | D3: Program rule | E3: Status
A4: Total students | B4: =COUNTA(Students!A2:A101) -> 0 | D4: Single source of truth | E4: 06_Data/
A5: Active | B5: =COUNTIF(Students!J2:J101,"Active") -> 0 | D5: Baseline before novelty | E5: Required
A6: Yellow risk | B6: =COUNTIF(Students!K2:K101,"Yellow") -> 0 | D6: Gate 3 miss | E6: Reduce scope
A7: Red risk | B7: =COUNTIF(Students!K2:K101,"Red") -> 0 | D7: AI rule | E7: Cannot explain = Not completed
A8: Research track | B8: =COUNTIF(Students!F2:F101,"R") -> 0 | D8: Legacy package | E8: Required
A10: How to use
A11: 1) Add students. 2) Score readiness. 3) Track weekly evidence. 4) Review Gate 1-6. 5) Keep this workbook private when it contains real student data.

Sheet Instructions
A1: MENTORING MANAGEMENT WORKBOOK - INSTRUCTIONS
A3: Sheet | B3: Use
A4: Dashboard | B4: Quick program status.
A5: Portfolio | B5: Read-only master topic view from canonical project data.
A6: Students | B6: Private cohort roster, assignment, risk, next action.
A7: Readiness | B7: TR/WR/RR scoring and mentor decision.
A8: Weekly_Status | B8: One row per student-week with evidence and next step.
A9: Milestones | B9: Gate 1-6 records.
A10: Rubrics | B10: Scoring anchors and thresholds.
A12: PRIVACY: Do not publish this workbook when it contains real names, emails, readiness scores, warnings or mentor notes. Public catalogs and private operational records must remain separate.
A17: v1.5.1 (23/08/2026): Portfolio = view sinh từ 06_Data (105 đề tài, có MVT/Status/Alias). Khi có dữ liệu SV thật, lưu bản sao vào 07_Private/ và không chia sẻ file này.
